6AM5_withTCR_mhc	6AM5	withTCR	mhc	A1-180/0 B1-100/0 D1-115/0 E1-120/0 10-10	A9,A63,A66,A77,A80,A116,A143
6AM5_noTCR_mhc	6AM5	noTCR	mhc	A1-180/0 B1-100/0 10-10	A9,A63,A66,A77,A80,A116,A143
6AM5_withTCR_tcr1	6AM5	withTCR	tcr1	A1-180/0 B1-100/0 D1-115/0 E1-120/0 10-10	E97
6AM5_noTCR_tcr1	6AM5	noTCR	tcr1	A1-180/0 B1-100/0 10-10	
6AM5_withTCR_tcr2	6AM5	withTCR	tcr2	A1-180/0 B1-100/0 D1-115/0 E1-120/0 10-10	E97,D30
6AM5_noTCR_tcr2	6AM5	noTCR	tcr2	A1-180/0 B1-100/0 10-10	
6AM5_withTCR_mhc_tcr1	6AM5	withTCR	mhc_tcr1	A1-180/0 B1-100/0 D1-115/0 E1-120/0 10-10	A9,A63,A66,A77,A80,A116,A143,E97
6AM5_noTCR_mhc_tcr1	6AM5	noTCR	mhc_tcr1	A1-180/0 B1-100/0 10-10	A9,A63,A66,A77,A80,A116,A143
6AM5_withTCR_mhc_tcr2	6AM5	withTCR	mhc_tcr2	A1-180/0 B1-100/0 D1-115/0 E1-120/0 10-10	A9,A63,A66,A77,A80,A116,A143,E97,D30
6AM5_noTCR_mhc_tcr2	6AM5	noTCR	mhc_tcr2	A1-180/0 B1-100/0 10-10	A9,A63,A66,A77,A80,A116,A143
6AM5_withTCR_L1_nterm	6AM5	withTCR	L1_nterm	A1-180/0 B1-100/0 D1-115/0 E1-120/0 10-10	A159,A66,A70
6AM5_noTCR_L1_nterm	6AM5	noTCR	L1_nterm	A1-180/0 B1-100/0 10-10	A159,A66,A70
6AM5_withTCR_L2_nterm_t1	6AM5	withTCR	L2_nterm_t1	A1-180/0 B1-100/0 D1-115/0 E1-120/0 10-10	A159,A66,A70,E97
6AM5_noTCR_L2_nterm_t1	6AM5	noTCR	L2_nterm_t1	A1-180/0 B1-100/0 10-10	A159,A66,A70
6AM5_withTCR_L3_nterm_t2	6AM5	withTCR	L3_nterm_t2	A1-180/0 B1-100/0 D1-115/0 E1-120/0 10-10	A159,A66,A70,E97,D30
6AM5_noTCR_L3_nterm_t2	6AM5	noTCR	L3_nterm_t2	A1-180/0 B1-100/0 10-10	A159,A66,A70
6AM5_withTCR_L4_expanded	6AM5	withTCR	L4_expanded	A1-180/0 B1-100/0 D1-115/0 E1-120/0 10-10	A159,A66,A70,A9,A77,A80,E97,D30
6AM5_noTCR_L4_expanded	6AM5	noTCR	L4_expanded	A1-180/0 B1-100/0 10-10	A159,A66,A70,A9,A77,A80
6AM5_withTCR_L5_max	6AM5	withTCR	L5_max	A1-180/0 B1-100/0 D1-115/0 E1-120/0 10-10	A159,A66,A70,A9,A77,A80,A116,A143,E97,D30
6AM5_noTCR_L5_max	6AM5	noTCR	L5_max	A1-180/0 B1-100/0 10-10	A159,A66,A70,A9,A77,A80,A116,A143
6AMU_withTCR_mhc	6AMU	withTCR	mhc	A2-180/0 B0-99/0 D2-115/0 E4-120/0 10-10	A9,A63,A66,A77,A80,A116,A143
6AMU_noTCR_mhc	6AMU	noTCR	mhc	A2-180/0 B0-99/0 10-10	A9,A63,A66,A77,A80,A116,A143
6AMU_withTCR_tcr1	6AMU	withTCR	tcr1	A2-180/0 B0-99/0 D2-115/0 E4-120/0 10-10	E100
6AMU_noTCR_tcr1	6AMU	noTCR	tcr1	A2-180/0 B0-99/0 10-10	
6AMU_withTCR_tcr2	6AMU	withTCR	tcr2	A2-180/0 B0-99/0 D2-115/0 E4-120/0 10-10	E100,D30
6AMU_noTCR_tcr2	6AMU	noTCR	tcr2	A2-180/0 B0-99/0 10-10	
6AMU_withTCR_mhc_tcr1	6AMU	withTCR	mhc_tcr1	A2-180/0 B0-99/0 D2-115/0 E4-120/0 10-10	A9,A63,A66,A77,A80,A116,A143,E100
6AMU_noTCR_mhc_tcr1	6AMU	noTCR	mhc_tcr1	A2-180/0 B0-99/0 10-10	A9,A63,A66,A77,A80,A116,A143
6AMU_withTCR_mhc_tcr2	6AMU	withTCR	mhc_tcr2	A2-180/0 B0-99/0 D2-115/0 E4-120/0 10-10	A9,A63,A66,A77,A80,A116,A143,E100,D30
6AMU_noTCR_mhc_tcr2	6AMU	noTCR	mhc_tcr2	A2-180/0 B0-99/0 10-10	A9,A63,A66,A77,A80,A116,A143
6AMU_withTCR_L1_nterm	6AMU	withTCR	L1_nterm	A2-180/0 B0-99/0 D2-115/0 E4-120/0 10-10	A159,A66,A70
6AMU_noTCR_L1_nterm	6AMU	noTCR	L1_nterm	A2-180/0 B0-99/0 10-10	A159,A66,A70
6AMU_withTCR_L2_nterm_t1	6AMU	withTCR	L2_nterm_t1	A2-180/0 B0-99/0 D2-115/0 E4-120/0 10-10	A159,A66,A70,E100
6AMU_noTCR_L2_nterm_t1	6AMU	noTCR	L2_nterm_t1	A2-180/0 B0-99/0 10-10	A159,A66,A70
6AMU_withTCR_L3_nterm_t2	6AMU	withTCR	L3_nterm_t2	A2-180/0 B0-99/0 D2-115/0 E4-120/0 10-10	A159,A66,A70,E100,D30
6AMU_noTCR_L3_nterm_t2	6AMU	noTCR	L3_nterm_t2	A2-180/0 B0-99/0 10-10	A159,A66,A70
6AMU_withTCR_L4_expanded	6AMU	withTCR	L4_expanded	A2-180/0 B0-99/0 D2-115/0 E4-120/0 10-10	A159,A66,A70,A9,A77,A80,E100,D30
6AMU_noTCR_L4_expanded	6AMU	noTCR	L4_expanded	A2-180/0 B0-99/0 10-10	A159,A66,A70,A9,A77,A80
6AMU_withTCR_L5_max	6AMU	withTCR	L5_max	A2-180/0 B0-99/0 D2-115/0 E4-120/0 10-10	A159,A66,A70,A9,A77,A80,A116,A143,E100,D30
6AMU_noTCR_L5_max	6AMU	noTCR	L5_max	A2-180/0 B0-99/0 10-10	A159,A66,A70,A9,A77,A80,A116,A143
